Workbook
Name Slicer_Category: #N/A
Name Slicer_Origin_Country: #N/A
Name Slicer_Status: #N/A

Sheet Sheet11
A3: Row Labels | B3: Count of Equipment
A4: India/Russia | B4: 1
A5: France | B5: 1
A6: South Korea/India | B6: 1
A7: Russia/India | B7: 1
A8: Russia | B8: 3
A9: USA | B9: 3
A10: India | B10: 9
A11: Grand Total | B11: 19

Sheet working sheet
A1: Equipment | B1: Branch | C1: Category | D1: Origin Country | E1: Indigenous? | F1: Quantity | G1: Year Introduced | H1: Status
A2: Arjun Mk1A | B2: Army | C2: Tank | D2: India | E2: Yes | F2: 118 | G2: 2021 | H2: Active
A3: T-90 Bhishma | B3: Army | C3: Tank | D3: Russia | E3: No | F3: 1657 | G3: 2001 | H3: Active
A4: T-72 Ajeya | B4: Army | C4: Tank | D4: Russia | E4: No | F4: 2418 | G4: 1979 | H4: Active
A5: K9 Vajra-T | B5: Army | C5: Artillery | D5: South Korea/India | E5: Partial | F5: 100 | G5: 2018 | H5: Active
A6: M777 | B6: Army | C6: Artillery | D6: USA | E6: No | F6: 145 | G6: 2017 | H6: Active
A7: ATAGS | B7: Army | C7: Artillery | D7: India | E7: Yes | F7: 300 | G7: 2025 | H7: On Order
A8: Pinaka | B8: Army | C8: Rocket System | D8: India | E8: Yes | F8: 200+ | G8: 1998 | H8: Active
A9: BrahMos | B9: Tri-Service | C9: Missile | D9: India/Russia | E9: Partial | F9: Multiple | G9: 2007 | H9: Active
A10: Tejas Mk1 | B10: Air Force | C10: Fighter | D10: India | E10: Yes | F10: 40 | G10: 2016 | H10: Active
A11: Tejas Mk1A | B11: Air Force | C11: Fighter | D11: India | E11: Yes | F11: 83 | G11: 2025 | H11: On Order
A12: Rafale | B12: Air Force | C12: Fighter | D12: France | E12: No | F12: 36 | G12: 2020 | H12: Active
A13: Su-30MKI | B13: Air Force | C13: Fighter | D13: Russia/India | E13: Partial | F13: 272 | G13: 2002 | H13: Active
A14: Apache AH-64E | B14: Air Force | C14: Helicopter | D14: USA | E14: No | F14: 22 | G14: 2019 | H14: Active
A15: C-17 Globemaster | B15: Air Force | C15: Transport | D15: USA | E15: No | F15: 11 | G15: 2013 | H15: Active
A16: INS Vikrant | B16: Navy | C16: Aircraft Carrier | D16: India | E16: Yes | F16: 1 | G16: 2022 | H16: Active
A17: INS Vikramaditya | B17: Navy | C17: Aircraft Carrier | D17: Russia | E17: No | F17: 1 | G17: 2013 | H17: Active
A18: Arihant Class | B18: Navy | C18: Nuclear Submarine | D18: India | E18: Yes | F18: 2 | G18: 2016 | H18: Active
A19: Kolkata Class | B19: Navy | C19: Destroyer | D19: India | E19: Yes | F19: 3 | G19: 2014 | H19: Active
A20: Shivalik Class | B20: Navy | C20: Frigate | D20: India | E20: Yes | F20: 3 | G20: 2010 | H20: Active

Sheet pivot
A3: Row Labels | B3: Count of Equipment
A4: 2010 | B4: 1 | D4: Row Labels | E4: Count of Equipment
A5: 2013 | B5: 2 | D5: Aircraft Carrier | E5: 2
A6: 2014 | B6: 1 | D6: Artillery | E6: 3
A7: 2016 | B7: 2 | D7: Destroyer | E7: 1
A8: 2017 | B8: 1 | D8: Fighter | E8: 4
A9: 2018 | B9: 1 | D9: Frigate | E9: 1
A10: 2019 | B10: 1 | D10: Helicopter | E10: 1
A11: 2020 | B11: 1 | D11: Missile | E11: 1
A12: 2021 | B12: 1 | D12: Nuclear Submarine | E12: 1
A13: 2022 | B13: 1 | D13: Rocket System | E13: 1
A14: 2025 | B14: 2 | D14: Tank | E14: 3
A15: Grand Total | B15: 14 | D15: Transport | E15: 1
D16: Grand Total | E16: 19
B19: Row Labels | C19: Count of Status
B20: Active | C20: 17 | E20: Active
B21: On Order | C21: 2
B22: Grand Total | C22: 19

Sheet validaton
H5: countof equi
B6: category | C6: equipment | G6: {=_xlfn.UNIQUE('working sheet'!C2:C20)} -> Tank | H6: =COUNTIFS('working sheet'!C2:C20, validaton!G6) -> 3
B7: {=G7:G16} -> Artillery | C7: {=H6:H16} -> 3 | E7: {=_xlfn._xlws.SORT(B7:C17,2,-1)} -> Helicopter | F7: 4 | G7: Artillery | H7: =COUNTIFS('working sheet'!C3:C21, validaton!G7) -> 3
B8: Rocket System | C8: 3 | E8: Artillery | F8: 3 | G8: Rocket System | H8: =COUNTIFS('working sheet'!C4:C22, validaton!G8) -> 1 | N8: {=cou} -> #NAME?
B9: Missile | C9: 1 | E9: Rocket System | F9: 3 | G9: Missile | H9: =COUNTIFS('working sheet'!C5:C23, validaton!G9) -> 1
B10: Fighter | C10: 1 | E10: Nuclear Submarine | F10: 2 | G10: Fighter | H10: =COUNTIFS('working sheet'!C6:C24, validaton!G10) -> 4
B11: Helicopter | C11: 4 | E11: Missile | F11: 1 | G11: Helicopter | H11: =COUNTIFS('working sheet'!C7:C25, validaton!G11) -> 1
B12: Transport | C12: 1 | E12: Fighter | F12: 1 | G12: Transport | H12: =COUNTIFS('working sheet'!C8:C26, validaton!G12) -> 1
B13: Aircraft Carrier | C13: 1 | E13: Transport | F13: 1 | G13: Aircraft Carrier | H13: =COUNTIFS('working sheet'!C9:C27, validaton!G13) -> 2
B14: Nuclear Submarine | C14: 2 | E14: Aircraft Carrier | F14: 1 | G14: Nuclear Submarine | H14: =COUNTIFS('working sheet'!C10:C28, validaton!G14) -> 1
B15: Destroyer | C15: 1 | E15: Destroyer | F15: 1 | G15: Destroyer | H15: =COUNTIFS('working sheet'!C11:C29, validaton!G15) -> 1
B16: Frigate | C16: 1 | E16: Frigate | F16: 1 | G16: Frigate | H16: =COUNTIFS('working sheet'!C12:C30, validaton!G16) -> 1 | K16: origin ? | L16: count
C17: 1 | E17: 0 | F17: 1 | K17: {=_xlfn.UNIQUE('working sheet'!E2:E20)} -> Yes | L17: =COUNTIFS('working sheet'!E2:E20,validaton!K17) -> 9
B18: =COUNT(_xlfn.ANCHORARRAY(B7)) -> 0 | K18: No | L18: =COUNTIFS('working sheet'!E3:E21,validaton!K18) -> 7
K19: Partial | L19: =COUNTIFS('working sheet'!E4:E22,validaton!K19) -> 3
C22: Active | D22: =COUNTIF('working sheet'!H2:H20,validaton!C22) -> 0

Sheet Dashbard
A1: Indian Armed Forces Weapons Dashboard | W1: Indian Armed Forces Weapons Dashboard
